user_id,user_id1
64,64
64,66
64,67
64,68
67,5
67,67
67,70
67,71
67,74
67,76
67,80
67,81
67,82
67,83
67,84
67,85
67,86
67,87
67,88
67,90
67,92
67,97
67,98
67,68
100,101
100,102
100,100
100,105
100,106
100,107
100,108
100,37
100,109
110,22
110,106
110,111
110,110
110,112
173,173
173,174
173,175
173,176
254,230
254,245
254,246
254,254
254,258
254,259
254,260
254,261
254,262
254,263
254,264
254,253
254,267
254,268
254,269
254,270
254,271
254,272
254,275
254,276
254,256
326,71
326,101
326,134
326,102
326,272
326,326
326,328
326,329
326,330
326,331
326,332
326,333
326,334
326,335
326,141
326,109
336,5
336,70
336,336
336,101
336,132
336,180
336,337
336,338
336,339
336,340
336,342
336,343
336,344
336,345
336,346
336,347
336,348
336,349
336,350
336,352
336,353
336,354
336,355
336,358
336,359
336,360
336,362
336,364
336,141
336,109
336,366
335,102
335,186
335,241
335,245
335,335
335,329
335,369
335,372
335,373
335,380
335,381
335,383
335,384
335,385
335,388
335,390
335,392
335,323
335,394
335,396
335,397
335,398
335,399
335,400
335,401
335,402
335,404
335,406
335,407
335,107
335,408
335,409
335,220
335,364
335,410
335,411
335,412
335,68
413,81
413,132
413,264
413,413
413,416
417,333
417,418
417,419
417,417
417,421
417,422
417,424
417,426
417,427
417,429
417,430
417,431
417,432
442,442
442,180
442,241
442,264
442,359
442,444
442,450
442,453
442,454
442,455
442,456
442,458
442,459
442,460
442,461
442,463
442,464
442,466
442,467
442,468
442,471
442,472
442,473
442,475
442,478
442,480
442,481
442,97
442,483
442,484
442,485
442,486
488,488
491,182
491,491
491,493
491,495
491,498
491,499
491,500
491,501
491,502
491,503
491,507
491,510
491,511
491,512
491,513
491,519
491,520
491,521
491,522
491,523
491,524
491,525
491,526
491,527
491,528
491,529
491,530
491,531
491,532
491,533
491,534
491,535
491,536
491,537
491,538
491,539
540,540
540,542
540,543
540,544
567,264
567,567
567,568
567,570
567,572
567,573
567,574
567,575
567,578
567,583
567,584
567,585
567,587
567,588
567,589
567,106
567,593
567,594
567,597
567,599
567,600
567,605
567,606
567,607
567,608
567,609
567,610
567,611
567,612
567,613
567,614
615,615
566,566
566,478
566,549
566,619
566,620
566,622
566,623
566,625
566,632
566,633
566,634
566,111
566,637
566,638
566,639
566,640
566,642
566,645
566,646
566,647
566,649
566,650
566,651
566,653
566,654
566,656
566,657
566,658
659,180
659,264
659,659
659,369
659,660
659,662
659,663
659,665
659,667
659,669
659,483
659,543
175,182
175,241
175,175
175,673
483,483
483,241
483,264
483,398
483,467
483,546
483,674
483,675
483,676
483,678
483,680
483,681
483,683
483,684
483,690
483,691
483,692
483,693
483,694
483,696
483,697
483,97
483,701
483,484
483,543
542,264
542,542
542,543
704,704
704,707
704,697
704,709
704,711
704,712
704,714
704,717
704,543
704,718
704,722
704,723
704,724
704,726
704,727
704,728
704,730
704,732
704,733
704,734
704,735
704,737
704,739
704,740
704,743
484,264
484,450
484,484
484,747
484,748
484,751
484,752
484,756
484,757
484,759
484,760
484,761
484,763
484,767
484,768
484,480
484,770
484,771
484,772
484,773
484,776
484,777
484,778
484,781
484,783
484,787
484,790
543,135
543,241
543,543
543,450
543,467
543,793
543,794
543,796
543,798
543,657
543,799
543,800
543,481
543,802
543,803
543,804
543,806
543,807
543,808
543,809
543,810
543,811
543,813
543,814
543,815
543,816
543,817
543,790
543,821
543,824
543,825
543,826
543,97
543,829
543,717
543,830
861,861
861,369
861,869
861,870
861,871
861,872
861,873
861,874
861,875
861,876
861,877
861,878
861,879
861,880
861,884
861,885
861,886
861,887
861,888
861,890
861,891
861,892
861,893
861,894
861,895
861,897
861,898
861,899
861,900
861,901
861,902
861,904
861,906
861,907
861,860
861,911
861,51
919,920
919,919
921,921
921,922
921,923
937,29
937,546
937,937
937,938
937,940
937,941
220,81
220,186
220,369
220,388
220,609
220,625
220,220
220,991
220,994
220,995
220,998
220,999
220,1002
220,1003
220,1004
220,1005
220,1006
220,1007
220,1008
220,1009
220,873
220,1011
220,1012
220,1013
220,1015
220,1016
220,1018
220,1019
220,1020
220,1023
220,364
220,109
220,1028
141,70
141,71
141,141
141,117
141,125
141,101
141,131
141,132
141,134
141,328
141,1147
141,1148
141,107
141,1149
141,1150
141,1151
141,612
141,1153
141,1154
141,1155
141,108
141,1157
141,1159
141,1160
141,1162
141,1163
141,1164
141,1167
141,1168
141,170
141,410
410,116
410,125
410,410
410,329
410,330
410,333
410,369
410,392
410,397
410,68
722,1170
722,235
722,1171
722,344
722,396
722,1172
722,1173
722,778
722,1174
722,811
722,722
722,1178
722,1179
722,1182
722,1183
722,1184
722,1185
722,1186
722,1187
722,1188
722,1190
722,1192
722,1193
722,1194
722,1195
722,739
723,1196
1196,1197
1196,727
727,1198
727,728
727,1199
727,1200
727,1201
727,727
727,1205
727,1207
1198,1208
1198,1209
728,1210
728,707
728,728
728,1212
728,1213
728,1214
728,1215
728,1216
728,1217
728,1145
728,733
728,1219
728,1221
728,1222
728,1104
728,1225
728,1226
728,1227
728,1228
728,1229
728,1230
728,1231
728,1232
728,1233
728,1235
728,1236
728,1239
728,1240
728,1241
728,1243
728,1244
728,1245
728,1246
728,1247
728,1248
728,1249
728,1250
728,1251
728,1252
728,1253
728,1254
728,891
728,1255
728,1256
728,1257
728,1258
728,1259
1199,29
1199,466
1199,1199
1199,1260
1199,1261
1199,1263
1199,1264
1199,1265
1199,1266
1199,1267
1199,1269
1199,1270
1199,1271
1199,1272
1199,1273
1199,1274
1199,1275
1199,1276
1199,1277
1199,1280
1199,1281
1199,1282
1199,1284
1199,1285
1199,1286
1199,1288
1199,1290
1199,1291
1199,1293
1199,1294
1199,1295
1199,1297
1199,1298
1199,1300
1199,1302
1199,1303
1199,486
1199,860
1199,49
1200,1200
1200,1305
1201,1307
1201,1201
1201,1310
1201,1312
1201,1313
1201,1314
1201,1316
1201,1317
1201,1318
1201,1319
1201,1320
1201,1321
1201,1322
1201,1323
1201,1326
1201,1327
1201,1328
1201,1329
1201,1330
1201,1331
1201,1333
1201,1334
1201,1335
1201,1336
1201,1337
1201,1338
1201,1339
1201,1340
1201,1341
1201,1343
1201,1344
1201,1345
1201,1346
1201,1347
1201,1351
1201,1352
1201,1354
1201,1356
1205,847
1205,987
1205,1205
1205,1421
1205,1422
1205,1423
1205,1426
1205,1427
1205,1430
1205,1433
1205,1434
1205,1435
1205,1436
1205,1437
1205,1438
1205,1440
1205,1441
1205,1442
1205,1443
1205,1444
1205,1445
1205,1446
1205,1449
1205,1451
1205,1452
1205,1453
1205,1455
1205,1456
1205,1458
1205,1459
1205,1460
1205,1462
1205,1463
1205,1465
1207,1468
1207,1469
1207,1470
1207,1207
1207,1472
1207,1473
1207,1474
1207,1475
1207,1477
1207,1478
1207,1479
1207,1480
1207,1481
734,1482
734,734
734,1484
734,1485
734,1487
734,1488
734,1489
734,1490
734,1491
734,1492
734,1493
734,1494
734,1497
734,1498
734,1499
734,1500
734,1501
734,1502
734,1503
734,1505
734,1506
734,1507
734,1508
734,614
734,256
734,1509
734,1510
734,1512
734,1513
734,1514
734,1515
734,1516
734,1517
734,1259
734,1519
734,1520
734,1521
734,1523
734,1524
734,1525
734,1527
734,1528
734,1529
734,1530
734,1531
734,1532
734,1533
734,1534
734,1535
1502,1536
1502,1170
1502,155
1502,222
1502,233
1502,1537
1502,1502
1502,1538
1502,1539
1502,1540
1502,1541
1502,1542
1502,832
1502,1004
1502,1148
1502,37
1502,1312
1502,804
1502,1545
1502,1547
1502,1548
1502,1549
1502,1550
1502,1551
1502,1552
1502,409
1502,1554
1502,1555
1502,1557
1502,1558
1502,1560
1502,1562
1502,1563
1502,1564
1502,1565
1502,1566
1502,1567
1502,1506
1502,256
1502,1569
1502,1570
1502,1571
1502,1572
1502,55
1503,1573
1503,1547
1503,1574
1503,1501
1503,1506
1505,466
1505,1505
1505,1575
1505,1576
1505,1577
1505,1578
1505,1579
1505,1545
1505,1580
1505,1583
1505,1584
1505,1585
1505,1586
1505,1587
1505,1590
1505,1591
1505,1592
1505,1595
1505,1596
1505,1597
1505,1599
1505,1600
1505,1601
1505,1602
1505,1603
1505,1605
1505,1608
1505,1609
1505,1610
1505,1611
1505,1612
1505,1613
1505,1614
1505,1616
1505,1617
1505,1236
1506,1618
1506,607
1506,1619
1506,1506
1506,1621
1506,1573
1506,1622
1506,1624
1506,1625
1506,1626
1506,1628
1506,1547
1506,1629
1506,1630
1506,1631
1506,1632
1506,1574
1506,1633
1506,1501
1506,1634
1506,1637
1506,1638
1506,1639
1506,1641
1506,1642
1506,1643
1506,1644
1506,1645
1506,1646
1506,1647
1506,1650
1506,1652
1506,1509
1506,1520
1506,1527
1507,1653
1508,101
1508,1654
1508,107
1508,1592
1508,1655
1508,1656
1508,1508
1508,1660
1508,1661
1508,1662
1508,1663
1508,1683
1508,1685
1508,1698
1508,1705
1508,1706
1508,1708
1508,1709
1508,1710
614,1170
614,66
614,259
614,315
614,316
614,1711
614,614
614,1712
614,658
614,817
614,1547
614,1715
614,1716
614,1719
614,1721
614,1722
614,1723
614,1724
614,1725
614,1727
614,1729
614,1731
614,1735
614,1737
614,1738
614,1739
614,1742
614,1749
614,1750
614,1752
614,1757
614,1758
614,1761
614,1762
614,1763
614,1765
614,1766
614,1767
614,860
614,1768
256,245
256,256
256,253
256,1153
256,1769
256,1772
256,1774
256,1775
256,1776
256,1778
256,1779
256,1781
256,1783
256,1784
256,1786
256,1788
256,1789
256,1792
256,1796
256,1802
256,1803
256,1805
256,1807
1509,1810
1509,1811
1509,1812
1509,259
1509,1813
1509,338
1509,1509
1509,453
1509,1815
1509,105
1509,1816
1509,1817
1509,817
1509,1642
1509,1818
1509,1820
1509,1822
1509,1824
1509,1825
1509,1826
1509,1828
1509,1829
1509,1705
1509,1831
1509,1832
1509,1833
1509,1835
1509,1840
1509,1841
1509,1842
1509,1844
1509,1847
1509,1848
1509,1850
1509,1851
1509,1757
1509,1852
1509,1853
1509,1856
1509,1857
1509,1858
1509,1860
1509,1861
1509,1862
1509,1863
1509,1864
1509,1865
1509,1866
1509,1867
1509,1868
1509,1872
1509,1873
1509,1560
1509,1565
1509,1875
1509,1877
1509,1879
1509,726
1509,1100
1509,1880
1509,1881
1509,1882
1509,1883
1509,1884
1509,1885
1509,1572
1510,1510
1510,756
1510,1889
1510,1890
1510,1891
1510,1894
1510,1895
1510,1897
1510,1898
1510,1902
1510,1903
1510,1905
1510,1906
1510,1909
1510,1910
1510,1913
1510,1916
1510,1918
1510,1920
1510,1922
1510,1925
1510,1930
1510,1932
1510,1933
1510,1257
1513,1513
1513,1935
1513,1936
1513,1938
1513,1941
1513,1942
1513,1944
1513,1947
1513,1948
1513,1955
1513,1956
1513,1958
1513,1959
1513,1524
1516,1516
1516,675
1516,1963
1516,1964
1516,1965
1516,1966
1516,1706
1516,1973
1516,1975
1516,1976
1516,1978
1516,1980
1516,1982
1516,1983
1516,1985
1516,1992
1516,1997
1516,1998
1516,1999
1516,2001
1516,2002
1516,2004
1516,2005
1516,2008
1259,74
1259,2011
1259,466
1259,2012
1259,558
1259,1259
1259,2014
1259,974
1259,987
1259,1162
1259,2015
1259,2018
1259,2019
1259,2020
1259,2021
1259,2026
1259,2027
1259,2030
1259,2031
1259,2032
1259,2034
1259,2035
1259,2036
1259,2037
1259,2038
1259,2043
1259,2045
1259,2046
1259,2049
1259,2053
1259,2054
1259,2055
1259,2056
1259,1225
1259,1227
1259,1232
1259,1245
1259,1248
1259,2057
1519,2102
1519,1619
1519,1519
1519,1547
1519,1574
1519,1501
1520,1547
1520,1633
1520,1653
1520,1520
1521,1521
1521,180
1521,66
1521,657
1521,1850
1521,2070
1521,2107
1521,2109
1521,2112
1521,2115
1521,2118
1521,2123
1521,2124
1521,2126
1521,2128
1521,2129
1521,2134
1521,2135
1521,2140
1521,2141
1521,2142
1521,2143
1521,2146
1521,2147
1521,2148
1521,2149
1521,1768
1523,1523
1523,2150
1523,2151
1523,2152
1523,2154
1523,2157
1523,2159
1523,2161
1523,2162
1523,2163
1523,2164
1523,2165
1523,2166
1523,2167
1523,2169
1523,2170
1523,2174
1523,2175
1523,2179
1523,2181
1523,2182
1523,2183
1523,2188
1523,2189
1523,2194
1523,2195
1523,2196
1523,2197
1523,2200
1523,2201
1523,2202
1523,2203
1524,2204
1524,1524
1524,2218
1525,2254
1525,30
1525,2255
1525,2256
1525,2257
1525,2258
1525,2259
1525,1525
1525,2260
1525,2261
1525,2262
1525,2264
1525,2265
1525,2266
1525,2267
1525,2268
1525,2270
1525,2272
1525,2274
1525,2275
1525,2276
1525,2277
1525,2278
1525,2279
1527,301
1527,1619
1527,1573
1527,1625
1527,1527
1527,1631
1527,1632
1527,1574
1527,1633
1527,1501
1527,2282
1528,1528
1528,2288
1528,2292
1528,2294
1528,2297
1528,2302
1529,2303
1529,1529
1529,2305
1529,2313
1529,2316
1530,2317
1531,2318
1531,2319
1532,2320
1532,1532
1532,2326
1532,2333
1532,2335
1532,2339
1532,2341
1532,2343
1532,2344
1532,2351
1532,2353
1532,2357
1532,2358
1532,2360
1532,2362
1532,2370
1532,2371
1532,2372
1533,1534
1533,1535
1534,1955
1534,1534
1534,2377
1534,2379
1534,2382
1534,2383
1534,2386
1534,2391
1534,2398
1534,2401
1534,2404
1534,2407
1534,2413
1534,2415
1534,2418
1534,219
1534,1535
1535,1482
1535,2383
1535,1535
1535,2404
1535,2425
1535,2426
1535,2429
1535,2432
1482,1482
1482,2415
1482,2433
1482,2439
1482,2441
1482,2442
1482,2444
1482,2445
1482,2446
1482,2448
1482,2450
1482,2461
1482,2465
1482,2467
1484,2317
1484,2478
1484,1484
1484,2496
1485,2500
1485,1485
1487,2555
1488,1488
1488,170
1488,1550
1488,2562
1488,2565
1488,2566
1488,2568
1488,2572
1488,2575
1488,2582
1488,2583
1488,2591
1488,2599
1488,2600
1488,2602
1488,860
1489,1489
1489,2604
1489,2605
1489,2606
1489,2607
1489,2608
1489,2609
1490,2610
1490,2611
1490,2612
1490,2613
1490,2614
1490,2615
1490,2616
1490,658
1490,1490
1490,2618
1490,2619
1490,2621
1490,2622
1490,2623
1490,2624
1490,2626
1490,2627
1490,2628
1490,2629
1490,2630
1490,2631
1490,2634
1490,2635
1490,2636
1490,2637
1490,2638
1490,2639
1490,2641
1490,2642
1490,2643
1490,2644
1490,2645
1490,2646
1490,2647
1490,2648
1490,2650
1490,2652
1490,2653
1490,2656
1490,2659
1490,2660
1490,2662
1490,2663
1490,2665
1490,2666
1490,2667
1490,2668
1490,2669
1490,2670
1490,2672
1490,2673
1490,2674
1490,2675
1490,2676
1490,2677
1490,2678
1490,2679
1490,2680
1490,2681
1491,2159
1491,2682
1491,2683
1491,2684
1491,1491
1491,2686
1491,2687
1491,2688
1491,2689
1491,2690
1491,2692
1491,2693
1491,2695
1491,2697
1491,2699
1491,2700
1491,2702
1491,2704
1491,2705
1492,216
1492,263
1492,1492
1492,2709
1492,2717
1492,2718
1493,1493
1494,1494
1497,2204
1497,1497
1498,302
1498,1498
1498,1632
943,943
943,1032
943,262
943,263
943,359
943,276
943,794
943,843
943,947
943,956
943,1274
943,817
943,1632
943,1851
943,1997
943,1551
943,2638
943,2602
943,1145
943,1219
943,1239
943,1571
1618,117
1618,168
1618,1618
1618,227
1618,392
1618,468
1618,869
1618,34
1618,751
1618,2204
276,30
276,276
276,344
276,381
276,794
276,956
276,985
276,1364
276,1444
276,2523
276,2602
276,1558
276,1221
276,1258
276,737
276,68
276,743
276,50
2605,2605
2605,135
2605,337
2605,441
2605,498
2605,794
2605,1271
2605,1276
2605,1437
2605,1444
2605,1829
2605,1964
2605,2550
2605,1179
2605,2638
2605,2056
2605,876
2605,877
2605,1236
2615,2615
2615,2612
2615,493
2615,1085
2615,1265
2615,1393
2615,2626
2615,2628
2615,2670
2615,1932
2615,1098
2615,2675
2615,1880
2615,2203
578,578
578,584
578,587
578,2638
578,2642
578,901
1210,1210
1210,2260
1210,498
1210,2261
1210,847
1210,1281
1210,1298
1210,2275
1210,176
1210,1219
1210,893
2014,2014
2014,380
2014,463
2014,589
2014,965
2014,1276
2014,824
2014,2516
2014,2523
2014,1145
1147,1147
1147,66
1147,1781
794,794
794,29
794,263
794,359
794,461
794,761
794,778
794,957
794,817
794,2645
794,2672
794,1104
794,1235
794,911
938,264
938,938
938,841
938,1148
922,922
922,362
922,597
922,2202
2508,2508
2508,359
2508,380
2508,456
2508,495
2508,952
2508,1008
2508,1291
2508,2523
2508,2645
2508,1096
2508,49
707,707
707,1212
707,697
707,709
1212,1212
697,697
697,501
709,709
709,1214
711,711
796,272
796,796
796,873
796,1011
796,815
796,1716
796,2525
796,68
798,660
798,675
798,798
657,657
657,392
657,520
657,34
657,37
657,1786
657,171
657,901
799,264
799,799
799,2351
800,455
800,1922
800,800
481,804
481,481
802,802
803,264
803,803
804,804
806,1423
806,806
807,807
808,808
808,2036
808,2049
808,2602
808,884
808,1227
809,1407
809,809
810,810
810,1590
810,2031
811,360
811,662
811,811
811,98
811,876
811,1228
813,813
814,814
815,22
815,66
815,272
815,401
815,815
815,994
815,1003
815,1011
815,817
816,180
816,66
816,816
816,856
817,239
817,453
817,478
817,575
817,654
817,817
817,999
817,1264
817,2020
817,885
790,264
790,495
790,1898
790,219
790,790
821,821
824,466
824,611
824,972
824,1266
824,1890
824,824
824,2516
824,1227
825,793
826,18
826,826
826,352
826,478
826,752
826,1119
826,2565
826,409
826,735
97,264
97,793
829,829
829,690
829,694
829,1275
712,712
712,1213
712,255
1213,1213
1213,1245
255,255
255,1761
255,890
714,776
714,714
170,170
170,76
170,122
170,183
170,192
170,197
170,198
170,269
170,302
170,392
170,435
170,575
170,589
170,106
170,1023
170,1114
170,1277
170,1360
170,2616
170,1595
170,1737
170,1178
170,941
170,412
170,2277
170,1256
170,68
170,1195
170,1113
170,47
170,48
2055,2055
98,222
98,323
98,98
701,701
701,155
701,66
701,222
701,388
701,323
701,760
701,1003
1214,1216
1214,1214
1215,399
1215,1215
856,263
856,856
856,401
856,1008
856,2666
856,171
856,2277
856,1190
1216,1216
1216,756
1216,1590
941,117
941,575
941,941
941,2681
717,717
717,409
717,219
717,1091
717,2602
717,1095
717,2056
409,409
409,84
409,222
409,285
409,620
409,683
409,995
409,1007
409,1011
409,1013
409,1114
409,1028
219,219
219,125
219,183
219,349
219,354
219,493
219,532
219,869
219,1816
219,1501
219,1100
219,1104
219,1146
1091,30
1091,1091
2602,2602
2602,83
2602,308
2602,342
2602,956
2602,871
2602,923
2602,1462
2602,1632
2602,1724
2602,1930
2602,1997
2602,2550
2602,1182
2602,2371
2602,2705
2602,486
2602,1880
2602,1106
2602,890
2602,1254
1095,1095
1095,152
1095,1146
718,1063
718,718
1217,466
1217,1930
1217,1217
1217,1236
1217,1243
1099,1099
1099,1811
1099,308
1099,315
1099,1766
613,13
613,613
613,589
613,1284
613,1706
613,1766
613,486
2149,2149
2149,180
2149,554
2149,1727
2149,1832
2149,2118
364,364
364,1536
364,1170
364,121
364,153
364,66
364,210
364,338
364,778
364,407
364,1642
364,1716
364,2674
364,1100
364,1767
364,1195
109,5
109,70
109,109
109,116
109,117
109,121
109,130
109,150
109,66
109,230
109,272
109,277
109,319
109,392
109,397
109,1150
109,1645
724,133
724,241
724,724
724,406
726,726
726,1188
726,411
726,431
1188,167
1188,1188
1188,466
411,411
411,184
411,245
411,262
411,362
411,495
411,546
411,574
411,589
411,847
411,972
411,1263
411,2161
411,412
411,2202
411,486
411,1228
431,2610
431,431
431,349
431,1172
431,1360
431,1737
431,1710
431,901
730,730
730,416
730,366
730,1145
416,416
366,366
366,247
366,1813
366,354
366,2613
366,1172
366,522
366,563
366,622
366,761
366,1712
366,1270
366,1724
366,1976
366,1997
366,2450
366,1554
366,1255
1145,1145
1145,461
1145,463
1145,589
1145,843
1145,974
1145,1264
1145,1265
1145,1270
1145,1273
1145,1291
1145,2689
1145,486
1145,1228
1145,1233
1145,890
732,732
733,733
733,2676
733,1933
733,412
733,2202
733,2679
733,485
2676,2676
2676,29
2676,439
2676,589
2676,1264
2676,1271
2676,1590
1933,1933
1933,1384
412,412
412,2699
2202,2202
2202,301
2202,972
2202,1226
2679,2679
2679,2681
485,485
735,735
735,1766
735,486
1766,1766
1766,181
1766,223
1766,287
1766,315
1766,319
1766,345
1766,1265
1766,1303
1766,2705
1766,1227
1766,899
1766,860
486,486
486,2611
486,456
486,537
486,957
486,1284
486,2550
486,1554
486,50
1219,1219
1219,2516
1219,2523
1219,1932
1219,1253
1219,1257
1221,1221
1221,262
1221,1173
1221,2262
1221,947
1221,1642
1221,1997
1222,1222
1222,74
1222,843
1222,1632
1104,1104
1104,260
1104,308
1104,589
1104,951
1104,2606
1104,2648
1104,877
1104,1232
1104,1236
1104,1245
1225,1225
1225,2012
1225,1239
1225,1240
1225,1244
1226,1226
1226,308
1226,466
1226,956
1226,1227
1226,49
1227,1227
1227,133
1227,225
1227,1537
1227,380
1227,468
1227,495
1227,965
1227,1291
1227,1411
1227,1613
1227,1642
1227,1966
1227,2669
1227,890
1227,891
1227,1194
1227,49
1228,1228
1228,440
1228,564
1228,1277
1228,1284
1228,1547
1228,2148
1228,1179
1228,1236
1228,891
1229,1229
1229,1300
1229,1458
1230,1230
1230,847
1230,860
1230,51
1231,1231
1231,1613
1231,1980
1231,1236
1231,1244
1231,1249
1232,1232
1232,197
1232,2611
1232,589
1232,843
1232,1361
1232,1411
1232,1575
1232,1930
1232,1866
1232,1097
1232,2057
1232,901
1233,1233
1233,647
1233,776
1233,787
1233,1610
1233,888
1235,1235
1236,1236
1236,74
1236,358
1236,359
1236,373
1236,441
1236,498
1236,105
1236,589
1236,962
1236,965
1236,1267
1236,1547
1236,1554
1236,1184
1236,2275
1236,1245
1236,891
1236,1255
1239,1239
1239,793
1239,1291
1239,1585
1239,1248
1240,1248
1240,1240
1241,1241
1243,1243
1244,1244
1244,1273
1244,1245
1244,1248
1245,456
1245,466
1245,1245
1245,847
1245,978
1245,1265
1245,1266
1245,1613
1245,2516
1245,1251
1246,1246
1246,1273
1246,877
1247,1248
1248,1248
1248,1252
1248,1257
1249,1249
1249,2011
1249,843
1249,1411
1249,1250
1250,1250
1250,1360
1250,1590
1250,1251
1251,1251
1251,2011
1252,1252
1252,1273
1252,1586
1252,2516
1252,2525
1253,1253
1254,1254
1254,1410
1254,1548
891,19
891,891
891,184
891,1173
891,656
891,1076
891,1275
891,1361
891,1436
891,1452
891,1549
891,2523
891,2619
891,2637
891,2704
891,1030
1255,1255
1255,463
1255,589
1255,2031
1256,1256
1256,2623
1257,1257
1258,1258
737,737
737,68
68,5
68,68
68,74
68,116
68,150
68,330
68,369
68,575
68,2262
68,870
68,2098
68,2626
68,2656
739,739
739,406
739,953
739,1572
740,85
740,740
740,1517
740,2316
2316,2316
2316,2313
743,743
743,860
743,432
743,325
743,1419
743,1768
860,860
860,269
860,440
860,787
860,965
860,1263
860,1270
860,1275
860,1462
860,1585
860,1613
860,1639
432,432
325,11
325,325
325,1642
1419,1419
1768,1768
1768,1813
172,172
172,632
172,662
172,675
172,747
172,776
1146,1146
1146,1032
1146,153
1146,1539
1146,1098
1028,1028
1028,196
1028,478
1113,1113
1113,102
1113,195
1113,34
1113,913
1113,961
1113,112
1113,37
1113,1554
1113,1566
1113,48
1571,66
1571,259
1571,263
1571,359
1571,1571
1571,399
1571,401
1571,683
1571,947
1571,1004
1571,1008
1571,1712
1571,1997
1571,49
42,102
42,42
42,105
46,46
46,444
46,1094
46,1190
47,47
48,48
48,194
48,195
48,34
48,37
48,658
49,49
49,70
49,1032
49,1173
49,647
49,656
49,945
49,957
49,1157
49,2616
49,1580
49,1613
49,1639
49,1803
49,2656
49,1558
49,830
50,50
50,498
50,105
50,1554
51,51
51,1813
51,392
51,570
51,1272
51,1277
51,1592
51,1829
51,1966
51,2398
51,1182
53,957
53,1300
53,53
55,55
55,455
55,466
55,985
55,1266
55,2197
55,2705
56,56
56,243
56,2604
2,2
2,105
4,995
5,5
5,70
5,116
5,117
5,125
5,101
5,130
5,131
5,132
5,134
5,102
5,150
5,272
5,334
5,392
5,554
5,107
6,6
7,7
7,529
7,2292
8,8
11,11
12,12
13,13
13,316
13,563
13,570
13,847
13,2619
13,884
13,890
15,15
15,458
15,793
18,18
18,843
18,1889
19,19
19,1639
19,1803
22,71
22,134
22,22
22,195
22,34
22,107
22,2080
23,23
23,1148
25,25
25,1608
25,2565
29,29
29,1538
29,1282
29,1300
29,1655
29,2683
29,1193
30,2254
30,30
30,241
30,345
30,2259
30,773
30,2262
30,2267
30,2268
30,2277
70,70
70,116
70,117
70,125
70,101
70,132
70,133
70,102
70,150
70,320
70,328
70,330
70,323
70,756
70,974
70,1117
70,107
70,1150
70,1716
70,892
70,895
70,900
70,902
70,907
71,71
71,116
71,117
71,125
71,132
71,155
71,397
71,106
71,1150
74,74
74,269
74,575
74,1829
74,911
76,76
76,116
76,101
76,554
76,947
76,1009
80,80
80,323
80,760
81,81
81,87
81,92
81,150
81,180
81,66
81,398
81,554
81,1816
81,694
81,760
81,1013
81,407
81,1157
81,1847
82,82
83,83
83,269
83,519
83,2616
83,1941
84,84
84,408
85,155
85,222
85,435
85,793
85,834
85,85
85,2467
86,86
87,222
87,87
88,88
90,90
92,66
92,251
92,92
92,458
92,472
92,523
92,923
116,116
116,117
116,125
116,130
116,131
116,132
116,134
116,102
116,150
116,333
116,369
116,554
117,117
117,101
117,130
117,134
117,155
117,495
117,1980
117,2516
120,120
121,121
121,658
122,122
122,123
122,301
122,315
122,2197
123,123
125,125
125,130
125,132
125,320
125,107
125,1150
101,101
101,131
101,132
101,133
101,301
101,330
101,369
101,397
101,105
101,554
101,1757
130,132
130,130
130,776
130,832
130,841
130,845
130,1009
131,132
131,131
132,133
132,132
132,66
132,301
132,319
132,328
132,330
132,333
132,397
132,575
132,1150
133,133
133,102
133,66
133,239
133,323
133,623
133,662
133,1150
134,102
134,330
134,134
134,105
135,136
135,135
136,136
143,143
143,205
143,174
143,877
145,145
145,1075
145,2663
145,879
146,146
146,1427
147,147
102,102
102,66
102,369
102,397
102,106
102,913
102,112
102,1850
102,2098
102,1566
150,995
150,150
151,151
151,468
151,526
151,869
151,2550
152,152
152,563
152,1187
153,153
153,1086
155,66
155,155
155,554
156,156
156,498
156,2275
159,159
159,196
159,198
159,461
159,956
159,1023
159,1634
161,161
164,164
166,166
167,167
167,787
167,1267
168,168
168,441
168,1269
168,1966
180,180
180,186
180,194
180,195
180,329
180,347
180,353
180,373
180,392
180,453
180,535
180,554
180,759
180,995
180,1008
180,1009
180,1011
180,1013
180,1148
180,1817
180,1552
180,408
181,2254
181,181
181,283
181,314
181,869
181,2262
181,1006
181,218
181,1110
182,182
182,183
182,253
182,507
182,510
182,1816
182,681
182,1818
182,2450
182,1178
182,2550
182,2672
182,1880
182,2279
183,183
183,195
183,1002
183,1712
183,902
184,184
184,1538
184,2680
66,66
66,186
66,230
66,269
66,369
66,392
66,397
66,546
66,694
66,999
66,1003
66,1004
66,1008
66,1009
66,873
66,1013
66,1015
186,554
192,192
192,435
194,194
194,195
194,1712
194,1595
194,1752
194,1867
195,195
195,1170
195,396
195,105
195,34
195,558
195,106
195,681
195,913
195,108
195,1712
195,658
195,1427
195,1866
195,1867
195,1566
195,1103
195,893
196,196
196,574
196,2565
197,197
198,198
198,2565
200,200
205,205
205,349
205,526
205,1552
207,207
210,210
210,237
214,214
216,216
222,222
222,230
222,347
222,1540
222,760
222,2020
223,251
223,781
223,223
224,227
224,224
225,225
225,564
225,965
227,227
229,229
230,230
230,329
230,108
231,231
232,249
232,232
233,233
233,1716
235,235
235,583
235,999
235,1003
235,1609
235,1645
235,1829
236,236
236,965
236,1079
237,237
237,245
238,238
239,239
239,251
239,877
241,241
241,247
241,264
241,2255
241,353
241,450
241,583
241,760
241,778
241,1638
243,243
243,247
243,249
243,1019
245,245
245,247
245,373
245,400
245,759
246,247
246,246
247,247
247,253
247,2303
249,249
251,251
251,308
251,333
258,258
259,259
259,662
259,691
259,847
259,947
259,1266
259,658
259,1889
259,2094
260,260
260,467
260,522
260,523
260,793
260,2606
260,1829
260,1890
260,2697
261,261
261,262
261,323
261,401
261,1655
262,262
262,987
262,1168
263,263
263,359
263,1541
263,1173
263,965
263,979
263,1266
263,1617
264,264
264,352
264,105
264,546
264,678
264,690
264,691
264,693
264,793
264,955
264,1125
264,1617
264,2281
264,1729
253,267
253,421
253,253
253,1983
267,267
267,311
267,778
267,1018
267,1817
267,1742
267,1910
268,268
268,270
268,444
268,495
268,2523
269,269
269,547
269,559
269,951
269,952
269,1011
269,923
269,2688
270,270
270,271
270,478
270,522
270,2262
270,1997
270,2053
270,2148
271,271
272,278
272,369
272,272
272,401
275,275
277,277
277,283
277,292
277,306
277,314
277,315
277,319
277,607
277,2320
277,1624
277,1629
277,1574
277,2060
277,1831
277,1966
277,2062
278,278
278,279
278,285
278,292
278,298
278,319
278,2320
279,287
279,289
279,279
282,282
282,300
282,301
282,310
282,312
282,333
282,1847
283,285
283,283
283,302
283,309
285,285
285,287
285,309
287,287
289,289
291,300
291,291
292,292
292,319
292,1633
298,298
300,319
300,1150
300,300
301,301
301,302
301,314
301,319
301,1416
302,302
302,303
302,843
302,1844
303,314
303,315
303,303
306,306
307,307
308,308
308,1811
308,319
308,444
308,1265
309,309
310,310
310,314
310,355
310,1085
310,2161
310,2165
310,1097
311,311
311,1824
312,312
314,314
314,316
314,999
314,2093
315,315
315,316
316,1170
316,316
316,338
316,1547
316,1818
316,1840
316,1757
317,317
317,768
317,874
319,319
319,453
320,320
320,760
320,1153
328,438
328,1150
328,328
329,329
329,392
329,397
330,330
330,760
330,776
330,1117
330,2063
331,331
331,332
331,105
331,776
332,332
332,333
332,392
332,397
332,2063
333,333
333,353
333,392
333,397
333,623
333,2063
333,408
334,334
334,397
334,105
337,337
338,338
338,345
338,1775
338,1776
339,339
339,1002
340,340
342,342
342,343
343,343
344,1810
344,344
344,1266
345,2254
345,345
345,2266
345,1595
345,2275
346,346
347,347
347,388
347,760
347,771
347,1004
348,348
348,176
349,353
349,369
349,349
349,407
350,350
352,352
352,1813
352,2523
353,995
353,1004
354,354
354,1087
355,355
355,1595
358,358
358,673
358,1721
359,359
359,681
359,1023
359,1724
359,1851
359,1890
359,2547
359,877
360,360
360,2068
360,1873
362,362
362,1817
362,1100
369,369
369,554
369,991
369,1117
369,1157
369,1584
372,372
372,1613
373,373
373,1590
380,380
380,381
380,495
380,843
380,1270
381,381
383,383
383,1654
383,1860
384,384
385,385
388,388
388,760
388,1007
388,1008
388,1860
390,390
392,323
392,392
392,397
392,398
392,1117
392,1716
392,1976
323,323
323,398
323,554
323,111
323,995
323,1007
323,1716
394,394
394,1271
394,658
394,1709
394,2057
396,1810
396,396
396,1399
396,1592
396,1641
396,1195
397,397
397,107
397,2063
398,546
398,694
398,398
398,995
398,1004
399,399
399,498
399,546
399,658
400,400
401,401
401,522
401,554
401,995
401,873
402,402
404,404
418,418
419,419
419,911
421,421
421,2260
421,1460
422,455
422,461
422,422
424,424
426,426
427,427
429,429
430,430
430,1758
434,434
435,435
435,2638
437,1035
437,437
437,441
438,438
438,847
439,439
439,1813
439,521
439,1436
439,1980
439,2684
439,1098
440,440
440,1162
440,2565
441,441
441,1302
444,444
450,450
450,2386
453,453
453,458
453,778
453,973
453,1369
453,1832
453,2645
453,1563
453,1566
454,454
454,2693
455,455
455,1538
455,957
455,1013
456,456
456,843
456,1265
456,1284
456,1291
456,890
458,458
458,918
459,459
460,463
460,460
461,461
461,2611
461,1542
461,620
461,1162
461,1275
461,2616
461,1829
461,2148
461,2669
461,2670
461,2674
463,463
463,871
463,1273
463,1284
463,1291
463,1575
463,1997
464,464
464,1866
466,466
466,2611
466,871
466,1277
466,1851
466,2550
466,2675
467,467
468,468
468,843
468,1162
468,1444
468,885
471,471
472,472
473,473
475,475
475,2371
478,478
478,2523
493,493
493,502
493,533
495,495
495,500
495,640
495,835
495,843
495,913
495,965
495,1162
495,1264
495,1436
495,2275
498,498
498,951
498,1265
498,1930
499,499
500,500
501,501
501,1076
501,911
502,502
502,843
502,1423
502,2461
502,2662
503,503
503,511
503,529
503,974
503,2638
507,507
507,511
507,876
510,510
510,589
511,511
511,512
511,520
511,523
512,512
512,521
512,523
512,529
513,513
513,527
513,535
519,520
519,564
519,519
520,520
520,528
520,530
520,535
520,538
521,521
521,531
521,535
521,537
521,538
522,522
522,523
522,536
522,1590
523,523
523,529
523,532
523,632
523,1832
524,524
524,876
525,525
525,535
525,1337
526,526
526,759
526,1337
527,527
527,528
527,530
527,62
528,528
528,529
528,530
528,532
528,533
528,535
528,537
528,539
529,536
529,539
529,529
530,531
530,532
530,539
531,531
532,532
532,533
532,536
532,538
533,533
534,534
535,535
535,965
535,1902
536,537
536,539
536,536
537,537
537,539
537,980
537,1265
538,538
539,539
546,546
546,690
546,694
546,1003
546,1148
547,547
547,776
547,1003
547,1009
547,1011
548,548
549,650
549,549
550,550
551,551
551,552
552,552
554,683
554,995
554,1003
554,1004
554,1009
554,554
554,1312
554,1570
555,555
555,583
555,2262
555,2174
555,877
555,2705
62,62
557,557
557,2687
558,558
558,640
559,559
559,920
559,1829
559,2282
559,1190
563,563
563,947
563,991
563,1462
564,564
564,1416
568,568
570,570
570,575
570,605
570,1394
570,2281
572,572
573,874
574,574
574,772
575,2610
575,575
575,1114
575,1436
575,1574
575,2626
575,2648
575,2650
575,1182
575,2670
575,2673
575,2675
575,2277
575,2680
575,895
583,583
583,2262
583,1002
583,1642
583,1661
583,1555
583,1182
584,584
585,585
585,1170
585,2264
585,1608
587,587
588,588
589,589
589,2011
589,683
589,957
589,1168
589,1575
589,1613
589,1829
589,1890
589,2525
589,2056
589,2371
106,106
106,105
106,877
593,593
593,1715
593,1980
593,1144
594,594
594,1538
594,1360
594,1393
594,1599
594,1867
594,2279
597,597
597,1548
597,1880
599,599
600,600
605,605
605,871
605,2320
605,2656
605,876
606,606
606,1803
606,1997
606,2527
606,2652
606,2662
606,1554
606,877
607,607
607,1573
607,1631
607,1574
607,1501
607,2282
608,608
608,625
608,1573
608,1737
609,609
609,890
610,610
610,962
610,1444
610,1829
610,1890
610,1567
610,911
611,611
611,972
611,2550
611,2688
619,619
620,620
620,1118
622,622
622,951
622,1997
622,2619
622,2699
622,877
623,623
623,1633
623,2415
623,1183
625,625
625,1812
625,1539
625,1018
625,1655
632,632
633,633
633,884
634,832
634,634
111,111
637,638
638,638
638,1118
638,2098
639,639
639,2678
640,640
640,2266
640,1997
640,2277
640,901
642,642
645,645
646,646
647,647
649,649
650,650
651,651
653,653
654,654
656,656
660,660
662,1548
662,662
663,663
665,665
667,667
667,669
669,669
669,1364
673,673
673,2267
673,2628
673,2648
674,674
675,675
675,406
675,2351
676,694
676,676
678,678
678,2638
680,680
680,1930
681,681
681,756
681,885
681,2277
683,683
683,693
684,694
684,1818
684,684
690,690
690,691
690,694
691,691
692,694
693,693
694,694
694,776
694,994
694,1003
694,1148
696,696
747,995
747,1008
748,748
751,751
751,1932
752,752
756,756
757,757
759,759
759,1163
759,1548
760,995
760,760
761,761
761,1267
761,1803
763,1500
763,763
763,1512
767,767
768,768
768,1742
768,1758
768,2415
768,1560
480,480
770,770
771,771
772,772
773,773
776,1536
776,776
776,841
776,940
776,107
776,897
777,777
777,1194
778,778
778,1817
778,1549
778,1178
778,1873
778,885
778,1195
781,781
781,1359
781,1562
781,1183
781,1565
783,783
787,787
787,1265
787,890
832,832
834,834
834,1550
835,835
835,1632
838,838
838,874
838,2565
838,1184
841,841
843,843
843,2611
843,947
843,957
843,974
843,1023
843,1264
843,1361
843,1637
843,1642
843,1663
843,1829
843,1890
843,2030
843,2523
843,2684
843,1873
844,844
845,845
847,847
847,947
847,1277
847,1284
847,1617
848,848
848,1932
913,913
913,34
913,108
913,37
915,915
915,1567
916,1343
916,916
918,918
918,2255
918,1410
918,1551
918,1179
918,877
940,940
944,944
945,945
946,946
947,947
947,1173
947,979
947,1558
949,949
951,951
951,1813
951,1077
951,923
951,1632
951,1890
951,2547
951,1554
952,952
952,974
952,978
952,1997
953,953
953,1576
955,955
955,957
955,985
956,1810
956,956
956,957
956,871
956,1074
956,1575
956,1997
956,2188
956,2371
957,957
957,979
957,985
957,1157
961,961
962,962
871,871
871,974
871,1264
871,1997
871,2619
965,965
965,2268
966,966
966,1992
972,972
972,1813
972,2259
972,978
972,1437
972,2148
972,176
972,2277
973,973
973,1265
973,2690
974,974
974,1128
974,1653
974,890
974,2057
977,977
978,978
978,2527
979,979
979,987
979,1291
979,1738
980,980
872,872
985,985
985,1765
986,986
987,987
987,2614
991,994
991,991
991,1955
991,1980
994,994
994,1004
994,1013
995,995
995,1004
995,1007
995,1008
995,1009
995,1011
998,998
999,999
999,1069
1002,1002
1002,1712
1002,1427
1002,1608
1002,1087
1002,1565
1002,2674
1003,1003
1004,1004
1004,1008
1004,1013
1004,1020
1004,1783
1005,1005
1006,1006
1007,1007
1007,1816
1007,1008
1008,1008
1009,1020
1009,1009
873,873
1011,1011
1011,1013
1012,1012
1013,1013
1013,1609
1015,1015
1016,1016
1018,1018
1018,1661
1018,1194
1019,1019
1019,1049
1019,1825
1019,2665
1020,1020
1023,1023
1023,1277
1023,2565
1023,2275
1043,1043
1044,1044
1049,1049
1051,1051
1051,1162
1059,1059
1061,1061
1061,1440
1063,1063
1063,2069
1063,857
1064,1064
1065,1065
1069,1069
1074,1074
1074,1709
1075,1075
1075,1178
1076,1076
1077,1077
1078,1078
1079,1079
1081,1081
1081,2094
1084,1084
1085,1085
1085,1552
1114,1114
1114,2267
1114,1574
1114,1501
1114,1088
1114,2277
1117,1117
1118,1118
1119,1119
1121,1121
1125,1125
1128,1128
1128,2688
1129,1129
1129,1825
1134,1134
1135,1135
1136,1136
1138,1539
1138,1138
407,1810
407,407
407,1404
407,1906
407,898
1148,1148
107,107
107,2012
107,34
107,37
107,2318
1149,1149
1150,1150
1150,108
1150,2060
1151,1151
1151,171
612,612
1153,1154
1154,1154
1155,1155
108,108
108,2012
108,1867
108,1566
108,41
1157,1157
1157,408
1159,1159
1160,1160
1162,1162
1162,2612
1162,1167
1162,1435
1162,1585
1162,1652
1162,2049
1162,1184
1162,2277
1163,1163
1164,1164
1167,1167
1168,1168
1208,1208
1208,1209
1209,1209
1260,1260
1261,1261
1263,1263
1263,2611
1263,2203
1264,1264
1264,1412
1264,1613
1264,890
1265,1265
1265,2011
1265,1410
1265,2032
1266,1266
1266,2260
1266,1275
1266,1282
1266,1462
1266,1742
1266,1879
1266,2201
1267,1267
1269,1269
1270,1270
1270,2614
1270,1277
1270,1765
1271,1271
1271,2280
1271,1573
1271,2516
1271,2688
1271,1098
1272,1272
1272,1302
1273,1273
1273,1281
1273,1291
1273,1411
1273,1829
1274,1274
1274,2611
1274,2371
1275,1275
1275,1291
1276,1276
1276,1613
1276,1998
1277,1277
1277,1144
1280,1280
1280,1922
1281,1281
1281,1997
1281,2448
1282,1282
1284,1284
1284,1890
1284,2683
1284,2697
1285,1285
1285,1611
1286,1290
1286,1286
1288,1288
1290,1300
1290,1290
1291,1291
1291,1586
1291,2516
1291,2689
1291,890
1293,1293
1294,1294
1295,1295
1297,1297
1298,1298
1298,1955
1298,876
1300,1300
1300,2688
1302,1302
1302,1444
1302,2663
1303,1303
1303,2157
1303,876
1305,1305
1307,1307
1310,1310
1312,1312
1313,1313
1314,1314
1316,1316
1317,1317
1318,1318
1319,1319
1320,1320
1321,1321
1322,1322
1323,1323
1326,1326
1327,1327
1327,1958
1327,2204
1328,1328
1329,1329
1330,1330
1331,1331
1333,1333
1334,1334
1335,1335
1336,1336
1337,1337
1337,2450
1338,1338
1339,1339
1340,1340
1341,1341
1343,1343
1344,1344
1345,1345
1346,1346
1347,1347
1351,1351
1352,1352
1354,1354
1356,1356
1358,1358
1359,1359
1359,1412
1360,1360
1361,1361
1361,2523
1363,1363
1364,1364
1365,1365
1365,2070
1366,2069
1366,2326
1366,1366
1367,1367
1367,2069
1368,1368
1369,1369
1370,1370
1372,1372
1377,1377
1378,1378
1379,1379
1380,1380
1383,1383
1384,1384
1384,2320
1384,877
1385,1385
1387,1540
1387,1387
1388,1388
1388,911
1389,1389
1390,1390
1390,2618
1391,1391
1391,1997
1392,1392
1393,1393
1394,1394
1395,1395
1396,1396
1397,1397
1398,1398
1398,898
1399,1399
1401,1401
1403,1403
1404,1404
1407,1407
1409,1409
1410,1410
1411,1411
1411,2259
1412,1412
1412,1997
1413,1413
1416,1416
1416,218
1417,1417
1421,1421
1422,1422
1423,1423
1426,1426
1427,1427
1427,1825
1430,1430
1430,2030
1433,1433
1434,1434
1435,1435
1435,1817
1435,2606
1436,1436
1436,2277
1437,1437
1437,2162
1438,1438
1440,1440
1441,1441
1442,1442
1443,1443
1444,1444
1444,1035
1444,2094
1444,1554
1445,1445
1446,1446
1446,884
1449,1449
1451,1451
1452,1452
1453,1453
1455,2382
1455,1455
1456,1456
1458,1458
1458,876
1458,1932
1459,1459
1460,1460
1460,877
1462,1462
1462,2638
1463,1463
1465,1465
1468,1468
1468,1955
1469,1469
1469,2609
1470,1470
1472,1472
1473,1473
1473,1474
1473,1478
1473,2094
1474,1474
1475,1475
1475,1478
1475,2653
1477,1477
1478,1478
1478,2095
1479,1479
1480,2461
1480,1480
1481,1481
1575,1575
1575,1613
1575,1097
1576,1576
1576,1577
1577,1583
1577,1577
1578,1578
1579,1579
1545,1545
1545,2261
1545,1584
1545,2183
1580,1580
1580,1591
1583,1583
1584,1584
1585,1585
1585,1539
1585,2281
1585,1729
1585,2642
1585,2278
1586,1036
1586,1586
1587,1596
1587,1597
1587,1587
1590,1590
1590,1541
1590,2523
1591,1591
1591,1596
1591,1597
1592,1592
1592,1537
1592,1602
1592,1737
1592,1781
1592,1997
1595,1595
1595,1596
1595,1597
1595,1605
1596,1597
1596,1596
1596,1605
1597,1597
1597,1602
1597,1605
1599,1599
1600,1600
1601,1601
1601,1603
1602,1602
1602,1603
1602,2015
1602,2535
1603,1603
1605,1605
1608,1608
1608,1641
1608,1182
1609,1609
1609,2068
1609,2450
1610,1610
1610,1628
1610,876
1610,890
1611,1611
1612,1612
1612,1880
1613,1613
1613,1088
1614,1614
1614,1983
1616,1616
1617,2254
1617,1617
1617,2448
1617,2688
1619,1619
1619,2320
1619,1626
1619,1632
1619,2060
1621,1621
1573,1573
1573,1624
1573,1626
1573,1628
1573,1547
1573,2060
1573,1831
1573,2444
1622,1622
1624,1631
1624,1574
1624,1634
1624,1624
1625,1625
1625,1547
1626,1626
1628,1628
1628,857
1547,1547
1547,1629
1547,1631
1547,1574
1547,1633
1547,2060
1547,1831
1547,2093
1547,2282
1547,890
1629,1632
1629,1633
1630,1630
1631,1631
1631,1633
1631,2060
1631,1831
1631,885
1632,1632
1632,2060
1632,1862
1574,1574
1574,1633
1574,2060
1574,2170
1633,1633
1633,1501
1633,2060
1633,1831
1633,2062
1633,2093
1501,1501
1501,1634
1501,2060
1501,1831
1501,2095
1634,1634
1634,1831
1634,2166
1637,1637
1638,1638
1639,2035
1639,1639
1641,1641
1641,1812
1641,1757
1641,1558
1641,2277
1642,1642
1642,1564
1643,1643
1643,1087
1643,2188
1643,2523
1644,1644
1645,1645
1646,1646
1647,1647
1650,1650
1650,2666
1652,1652
1652,2450
1655,1655
1655,1089
1655,2675
1656,1656
1660,1660
1661,1661
1661,1812
1662,1662
1663,1663
1683,1683
1685,1540
1685,1685
1698,1698
1715,1715
1715,2011
1715,1711
1715,2672
1715,2677
1716,1716
1716,1536
1716,1089
1716,897
1716,902
1716,904
1719,1719
1721,1721
1722,1722
1723,1654
1723,1723
1723,1653
1724,1724
1725,1725
1727,1727
1729,1729
1729,1106
1731,1731
1735,1087
1735,1735
1737,1737
1737,1549
1737,1555
1738,1738
1739,1739
1742,1742
1742,1709
1749,658
1749,1749
1750,1750
1752,1752
1769,1769
1772,1772
1774,1566
1775,1775
1776,1776
1778,1778
1779,1779
1781,1781
1781,2196
1781,1873
1781,2277
1783,1783
1784,1784
1786,1786
1788,1788
1789,1789
1792,1792
1796,1796
1802,1802
1803,1803
1803,885
1805,1805
1807,1807
1820,1820
1822,1822
1824,1824
1825,1825
1826,1826
1828,1087
1828,1828
1829,1829
1829,2260
1829,34
1829,2266
1829,2267
1829,2525
1829,2619
1829,1867
1829,2277
1705,1705
1831,1831
1832,1832
1832,1812
1832,1817
1832,1186
1833,1812
1833,1833
1835,1835
1835,1567
1840,1840
1841,1841
1842,1842
1844,34
1844,1844
1844,1087
1844,1873
1844,1097
1847,1847
1847,40
1848,1848
1850,1850
1850,1706
1851,1851
1851,2665
1757,1757
1757,2266
1757,2068
1852,1812
1852,1852
1853,1853
1856,1856
1857,1857
1858,1858
1860,1860
1860,1875
1860,1195
1861,1861
1862,1862
1863,1758
1864,1864
1865,1865
1865,1183
1865,1187
1889,1889
1889,2281
1890,1890
1891,1891
1894,1894
1895,1895
1895,2450
1897,1897
1898,1898
1902,1902
1903,1903
1905,1813
1905,1905
1906,1906
1909,1909
1910,1910
1913,1913
1913,2267
1916,1916
1918,1918
1920,1920
1922,1922
1925,1925
1930,1930
1935,1935
1936,1936
1938,1938
1941,1941
1941,2606
1941,1997
1941,2638
1942,1942
1944,1944
1947,1947
1948,1948
1955,1955
1956,1956
1958,1958
1959,1959
1963,1963
1963,1817
1963,888
1963,900
1963,901
1964,1964
1965,1965
1966,1966
1966,2174
1966,2277
1706,1706
1973,1973
1975,1975
1976,1976
1976,2267
1976,2268
1978,1978
1980,1980
1982,1982
1983,1983
1985,1985
1992,1992
1992,1550
1997,1997
1997,793
1997,2688
1997,1554
1997,2056
1997,1190
1997,2372
1998,1998
1999,1999
2001,2001
2002,2002
2004,2004
2005,2005
2008,2008
2015,2015
2018,2018
2019,2019
2020,2020
2021,2057
2026,2026
2027,2027
2030,2030
2030,890
2031,2031
2031,2609
2032,2032
2034,2034
2035,2035
2035,1548
2035,2675
2036,2036
2037,2037
2038,1763
2043,2043
2045,2045
2046,2046
2049,2049
2053,2053
2053,1182
2054,2054
2054,1557
2061,2061
2062,2062
2063,105
2063,2063
2067,2067
2068,2068
2068,1758
2068,2415
2069,2069
2069,898
2070,2070
2070,1190
2072,2303
2072,2072
2074,2074
2076,2076
2079,2079
2080,2080
2080,37
2085,2282
2087,2087
2093,2093
2094,2094
2095,1810
2095,2095
2097,2097
2098,2098
2098,857
2100,2100
2107,2107
2109,2109
2112,2112
2115,2115
2118,2118
2123,2123
2124,2124
2126,40
2128,2128
2129,2129
2134,40
2135,2135
2140,2140
2141,2141
2142,2142
2143,2143
2146,2146
2146,1818
2146,40
2147,2147
2151,2151
2152,2152
2154,2154
2157,2157
2159,2159
2161,2161
2161,2267
2161,2705
2162,2162
2163,2163
2164,2164
2165,2254
2165,2165
2166,2166
2167,2167
2169,2169
2170,2170
2174,2174
2174,2254
2174,2266
2175,2175
2179,2179
2181,2181
2182,2182
2183,2183
2183,1567
2183,2201
2188,2188
2188,2266
2188,884
2189,2189
2189,1515
2194,2194
2195,2195
2196,2196
2196,658
2197,2197
2197,1709
2204,2204
2204,1517
2218,2218
2288,2288
2292,2292
2294,2294
2297,2297
2302,2302
2305,2305
2313,2547
2313,2313
2317,2317
2326,2326
2333,2333
2335,2335
2339,2339
2341,2341
2343,2343
2344,2344
2351,2351
2353,2353
2357,2357
2358,2358
2360,2102
2362,2362
2377,2377
2379,2379
2382,2382
2383,2544
2386,2386
2391,2391
2398,2398
2398,2669
2398,885
2401,2401
2404,2404
2407,2370
2413,2413
2415,2415
2418,2418
2425,40
2425,2425
2426,2426
2429,2429
2432,2432
2433,2433
2439,2439
2441,2441
2442,2442
2444,2444
2445,2445
2446,2446
2448,2448
2450,2450
2450,2628
2461,2461
2465,2465
2467,2467
2478,2478
2496,2496
2500,2500
2511,2511
2512,2512
2514,2514
2516,2516
2516,2260
2516,2523
2516,2203
2518,2518
2519,2519
2521,2521
2523,2523
2525,2525
2527,2527
2529,2529
2530,2530
2531,2531
2533,2533
2533,911
2535,2535
2535,2260
2537,2537
2540,2550
2540,2540
2541,2541
2542,2542
2544,2544
2547,2547
2549,2549
2550,2550
2553,2553
2553,2281
2562,2562
2565,2565
2565,2616
2565,1709
2566,2566
2568,2568
2572,2572
2575,2575
2582,2582
2583,2583
2591,2591
2599,2599
2600,2600
2618,2618
2618,2056
2619,2619
2619,1816
2619,923
2619,2667
2619,2672
2619,2673
2619,888
2619,890
2621,2621
2622,2622
2623,2623
2624,2624
2626,2626
2626,2648
2627,2627
2628,2628
2628,2656
2628,877
2629,1194
2630,2630
2631,885
2631,2631
2634,2634
2635,2635
2636,2636
2637,2637
2638,2638
2639,2639
2641,2641
2642,2642
2643,2643
2643,2648
2644,2677
2645,2645
2645,2612
2645,2616
2646,2646
2647,2647
2648,2648
2648,2650
2650,2610
2650,2650
2650,2680
2650,2681
2650,898
2652,2652
2653,2653
2656,2656
2656,1032
2656,1103
2659,2659
2660,2660
2662,2662
2662,1098
2662,1880
2663,2663
2665,2665
2665,2281
2665,2675
2682,2682
2683,2683
2683,2686
2683,2690
2683,2704
2684,2684
2684,2689
2684,876
2686,2686
2687,2687
2688,2688
2688,2266
2688,1087
2688,2669
2688,885
2689,2689
2690,2690
2692,2692
2692,2150
2693,2693
2695,2695
2697,2697
2699,2610
2699,2699
2700,2700
2702,2702
2704,2704
2709,2709
2717,2717
2718,2718
1144,1144
1554,1554
1554,37
2268,2268
2268,2275
2268,2277
1558,1558
2056,2056
2056,2257
2056,1541
876,876
876,2613
876,1093
876,1763
876,2672
876,884
876,2277
877,2610
877,877
877,2616
877,1763
877,2670
877,1932
879,879
879,1100
1932,1932
1932,1499
1932,1712
1932,2616
1932,911
1098,1098
171,171
884,884
884,2150
884,2266
884,2267
884,2616
884,2275
884,2277
884,1882
884,911
885,885
885,1178
885,2669
885,1873
885,1195
830,830
1709,1709
1709,878
2705,2254
2705,2705
2705,1555
2277,2277
2277,2150
2277,2669
2277,2681
2277,2057
2277,902
1190,1190
2681,2610
2681,2681
888,888
888,869
888,892
888,893
888,897
888,900
1103,1103
1106,1106
890,890
890,1537
890,1186
900,900
900,869
900,892
900,893
900,897
900,901
900,902
901,901
901,892
901,893
901,897
901,1570
901,907
911,911
1572,1572
1572,1654
2254,2254
2254,2262
1810,1810
1810,1182
1810,1187
1810,1195
1536,1536
1170,1170
1170,1818
1811,1811
1812,1812
1537,1537
1813,1813
2255,2255
1035,1035
1035,2274
1171,1171
2260,2260
1541,1541
2102,2102
2102,1866
406,406
1172,1172
1815,1815
2012,2012
2012,34
105,105
105,34
105,37
869,869
869,1866
869,892
869,893
869,894
34,34
34,37
34,1867
34,1566
2261,2261
2261,2281
1816,1816
1816,1866
1816,902
1816,1194
1542,1542
1173,1173
793,793
1654,1654
1654,1555
2262,2262
2262,2275
870,895
870,870
870,902
2280,2280
2264,2264
2264,2265
2264,1182
112,112
37,37
1712,1712
1712,1549
1712,1183
1712,1184
1712,1100
1712,1882
1500,1500
1174,1174
2320,2320
2265,2265
2265,2266
2265,2281
2265,2275
2266,2266
2267,2267
2267,658
2616,2616
923,923
658,658
174,174
1086,1086
1817,1817
1817,1555
2303,2303
2606,2606
2606,1567
2281,2281
2060,2060
1818,1818
1818,1866
874,874
874,1758
218,218
218,920
218,1758
1087,1087
1087,1569
1758,1758
1758,1762
1758,1565
1088,1088
1866,1866
1866,857
1866,2674
1548,1548
1548,893
875,875
1089,1089
2148,2148
1761,1761
1549,1549
1549,1555
1178,1178
1550,1550
1551,1551
1179,1179
1552,1552
1552,1762
1867,1867
408,408
1653,1653
1653,2057
857,857
2282,2282
2282,1555
2666,2666
1555,1555
1555,1562
1555,1183
1868,1868
1182,1182
1762,1762
1093,1093
1094,1094
1557,1557
1763,1763
1763,2057
2667,2667
2668,2668
2270,2270
2607,2607
2370,2370
1872,1872
2669,2669
1873,1873
1873,1880
544,544
2272,2272
1560,1560
1562,1562
1183,1183
1563,1563
40,40
1564,1564
1565,1565
1875,1875
1096,1096
2555,2555
2608,2608
2670,2670
1184,1184
2200,2200
1877,1877
1708,1708
1097,1097
1879,1879
878,878
878,2612
2371,2371
1197,1197
2274,2274
1185,1185
880,893
1566,1566
2672,2610
2672,2672
2673,2673
2275,2275
1186,1186
176,176
1567,1567
2674,2674
1100,1100
1187,1187
2201,2201
2675,2675
886,897
886,886
2677,2677
2678,2678
2276,2276
887,887
1765,1765
1880,1880
2680,2680
1767,1767
2372,2372
1881,1881
892,893
892,892
893,893
893,898
893,902
893,907
894,894
2057,2057
1710,1710
1882,1882
1192,1192
895,895
897,897
897,904
1569,1569
1570,1570
898,898
899,899
899,904
899,907
1512,1512
2278,2278
2318,2318
1883,1883
1193,1193
1514,1514
1515,1515
902,902
41,41
2319,2319
1110,1110
1194,1194
904,904
904,907
906,906
907,907
1030,1030
2279,2279
1884,1884
1885,1885
1517,1517
2609,2609
2203,2203
1195,1195
2610,2610
1032,1032
920,920
1538,1538
1499,1499
2611,2611
2256,2256
2257,2257
2604,2604
2612,2612
2613,2613
2011,2011
1539,1539
1036,1036
1540,1540
1711,1711
2258,2258
2259,2259
2150,2150
2614,2614
4,4
2085,2085
